Workbook
Name Aansluiting_AanUit1: Datasheet!$AH$2:$AH$100
Name Aansluiting_AanUit2: Datasheet2!$AH$2:$AH$100
Name Aansluiting_AanUit3: Datasheet3!$AH$2:$AH$100
Name Aansluiting_Dali1: Datasheet!$AK$2:$AK$100
Name Aansluiting_Dali2: Datasheet2!$AK$2:$AK$100
Name Aansluiting_Dali3: Datasheet3!$AK$2:$AK$100
Name Armatuurkleur1: Datasheet!$G$2:$G$100
Name Armatuurkleur2: Datasheet2!$G$2:$G$100
Name Armatuurkleur3: Datasheet3!$G$2:$G$100
Name CRI_1: Datasheet!$K$2:$K$100
Name CRI_2: Datasheet2!$K$2:$K$100
Name CRI_3: Datasheet3!$K$2:$K$100
Name Error1: Datasheet!$AT$2:$AT$100
Name Error2: Datasheet2!$AT$2:$AT$100
Name Error3: Datasheet3!$AT$2:$AT$100
Name Kleurtemperatuur1: Datasheet!$M$2:$M$100
Name Kleurtemperatuur2: Datasheet2!$M$2:$M$100
Name Kleurtemperatuur3: Datasheet3!$M$2:$M$100
Name Montage1: Datasheet!$C$2:$C$100
Name Montage2: Datasheet2!$C$2:$C$100
Name Montage3: Datasheet3!$C$2:$C$100
Name Noodverlichting1: Datasheet!$AN$2:$AN$100
Name Noodverlichting2: Datasheet2!$AN$2:$AN$100
Name Noodverlichting3: Datasheet3!$AN$2:$AN$100
Name Optiek_Nieuw1: Datasheet!$AD$2:$AD$100
Name Optiek_Nieuw2: Datasheet2!$AD$2:$AD$100
Name Optiek_Nieuw3: Datasheet3!$AD$2:$AD$100
Name Optiek_Oud1: Datasheet!$AA$2:$AA$100
Name Optiek_Oud2: Datasheet2!$AA$2:$AA$100
Name Optiek_Oud3: Datasheet3!$AA$2:$AA$100
Name Plafondtype1: Datasheet!$E$2:$E$100
Name Plafondtype2: Datasheet2!$E$2:$E$100
Name Plafondtype3: Datasheet3!$E$2:$E$100
Name Sensor1: Datasheet!$AR$2:$AR$22
Name Sensor2: Datasheet2!$AR$2:$AR$22
Name Sensor3: Datasheet3!$AR$2:$AR$22
Name Sturing1: Datasheet!$Y$2:$Y$100
Name Sturing2: Datasheet2!$Y$2:$Y$100
Name Sturing3: Datasheet3!$Y$2:$Y$100
Name Ventilatie1: Datasheet!$AP$2:$AP$4
Name Ventilatie2: Datasheet2!$AP$2:$AP$4
Name Ventilatie3: Datasheet3!$AP$2:$AP$4

Sheet Info
B30: Woordenlijst
B32: Plafondtype | D32: Plafondtypes bepalen hoe bandrasterarmaturen geïnstalleerd kunnen worden en verwijzen naar het type plafond (zoals bijvoorbeeld een rasterplafond), wat invloed heeft op de bevestiging en installatie van de armaturen.
B34: Installatie | D34: Hier geeft men aan hoe het armatuur in het plafond bevestigd zit. Zit het armatuur IN het plafond bevestigd, zijn het aan het plafond vast gemonteerd of hangt het armatuur aan het plafond?
B36: Lichtkleur | D36: Dit geeft de kleurtempertuur van het licht aan. Hoe warmer het licht, hoe lager de waarde van de kleurtemperatuur zal zijn.
B38: CRI | D38: CRI (Color Rendering Index) is een maat voor hoe goed een lichtbron kleuren weergeeft in vergelijking met natuurlijk licht, waarbij een hogere CRI-waarde duidt op een betere kleurweergave.
B40: Bestaande Lamp | D40: Dit is de TL-buis (of buizen) die in het armatuur zitten. Er zijn twee veelvoorkomende type TL-Buizen: TL5 of TL8. Idere TL-buis heeft ook een toegewezen wattage. Een voorbeeld is dus TL5-54W of TL8-36W.
B42: Optiek | D42: Optiek verwijst naar de lens of het lichtverdelingssysteem dat op een bandrasterarmatuur kan worden geplaatst. De optiek bepaalt hoe het licht wordt verspreid en gericht. Je kunt optieken van elkaar onderscheiden op basis van het ontwerp en de lichtverdeling. Diffusors geven zacht, verspreid licht, terwijl lensoptieken en prisma-optieken gericht licht leveren.
B44: Lichtopbrengst | D44: De hoeveelheid licht (in lumens) die het armatuur produceert. Dit is afhankelijk van het type TL-buis dat in het armatuur zit, de kleurtemperatuur, CRI-waarde en optiek van het armatuur.
B46: Kleur Armatuur | D46: Hiermee wordt de kleur van de behuizing van het armatuur aangegeven. Vaak omschreven als RAL-kleur.
B48: Sturing | D48: Hiermee geeft men aan hoe het armatuur aangestuurd wordt. Is het armatuur simpelweg aan-uit geschakeld of zit er een dimfunctie op? Zo ja, wat voor manier van dimmen wordt er toegepast?
B50: Aansluiting | D50: Bij de installatie van bandrasterarmaturen moet je rekening houden met de soorten kabels en aansluitstukken die gebruikt kunnen worden. Er zijn verschillende manieren om de armaturen aan te sluiten, afhankelijk van het type installatie en de vereiste elektrische specificaties. Er zijn hier verschillende combinaties mogelijk.
B52: Nood | D52: Dit geeft aan of er een noodmodule in het armatuur zit. Er kan hier onderscheid gemaakt worden tussen noodmodules met een zelftest en noodmodules met een manuele test. Verder zit er verschil tussen noodmodules die na activtaie 1 uur brnaden en 3 uur branden.
B54: Sensor | D54: Sommige armaturen kunnen voorzien zijn van een sensor. Er zijn sensoren voor daglichtdetectie en sensoren voor bewegingsdetectie. Het is hier belangrijk om te weten om wat voor type sensor het gaat.
... B58: Extra's | D58: Indien er bijzonderheden zijn die niet vallen onder één van de andere specificaties kunnen deze onder Extra's vermeld worden.

Sheet Formulier
A5: Projectnummer: | I5: 7633
A6: Project Naam: | I6: SLC De Wijde Wereld
A7: Project Type: | I7: Renovatie
A8: Installateur/Calculator/Engineer: | I8: SORS Advies
A9: Datum: | I9: 45729
A10: Opmerkingen:
B12: Bestaand Armatuur | I12: Distrilight Alternatief
B13: =IF(OR(ISBLANK($B$14), ISBLANK($B$15), ISBLANK($B$16), ISBLANK($B$17), ISBLANK($B$19), ISBLANK($B$20), ISBLANK($B$21), ISBLANK($B$22), ISBLANK($E$22), ISBLANK($B$23), ISBLANK($B$24), ISBLANK($B$25), ISBLANK($B$27), ISBLANK($B$28), ISBLANK($B$29), ISBLANK($B$30), ISBLANK($B$31), ISBLANK($D$35)), "Incompleet Ingevuld", "Compleet Ingevuld") -> Compleet Ingevuld | I13: =IF(OR(ISBLANK($I$14), ISBLANK($I$15), ISBLANK($I$16), ISBLANK($I$17), ISBLANK($I$19), ISBLANK($I$20), ISBLANK($I$21), ISBLANK($I$22), ISBLANK($I$23), ISBLANK($I$24), ISBLANK($I$25), ISBLANK($I$27), ISBLANK($I$28), ISBLANK($I$29), ISBLANK($I$30), ISBLANK($I$31), ISBLANK($K$35)), "Incompleet Ingevuld", "Compleet Ingevuld") -> Compleet Ingevuld
A14: Lengte | B14: 1497 | F14: mm | I14: =IF(ISBLANK($B$14), "", $B$14) -> 1497 | M14: mm
A15: Breedte | B15: 100 | F15: mm | I15: =IF(ISBLANK($B$15), "", $B$15) -> 100 | M15: mm
A16: Hoogte | B16: 90 | F16: mm | I16: =IF(ISBLANK($B$16), "", $B$16) -> 90 | M16: mm
A17: Plafondtype | B17: Bandrasterplafond | I17: =IF(ISBLANK($B$17), "", $B$17) -> Bandrasterplafond
B18: Anders: | I18: Anders: | J18: =IF(ISBLANK($C$18), "", $C$18)
A19: Installatie | B19: Inleg | I19: =IF(ISBLANK($B$19), "", $B$19) -> Inleg
A20: Lichtkleur | B20: 4000K | G20: =IF($B$20="2700K", 27, IF($B$20="3000K", 30, IF($B$20="4000K", 40, IF($B$20="5000K", 50, IF($B$20="6500K", 65, 0))))) -> 40 | I20: =IF(ISBLANK($B$20), "", $B$20) -> 4000K
A21: CRI | B21: 80+ | G21: =IF($B$21="80+", 800, IF($B$21="90+", 900, 0)) -> 800 | I21: =IF(ISBLANK($B$21), "", $B$21) -> 80+
A22: Bestaande Lamp | B22: TL5-35W | D22: Aantal | E22: 1 | G22: =IF($G$20+$G$21=827, _xlfn.XLOOKUP(B22, Datasheet!O3:O100, Datasheet!P3:P100, "", 0, 1), IF($G$20+$G$21=830, _xlfn.XLOOKUP(B22, Datasheet!O3:O100, Datasheet!Q3:Q100, "", 0, 1), IF($G$20+$G$21=840, _xlfn.XLOOKUP(B22, Datasheet!O3:O100, Datasheet!R3:R100, "", 0, 1), IF($G$20+$G$21=865, _xlfn.XLOOKUP(B22, Datasheet!O3:O100, Datasheet!S3:S100, "", 0, 1), IF($G$20+$G$21=927, _xlfn.XLOOKUP(B22, Datasheet!O3:O100, Datasheet!T3:T100, "", 0, 1), IF($G$20+$G$21=930, _xlfn.XLOOKUP(B22, Datasheet!O3:O100, Datasheet!U3:U100, "", 0, 1), IF($G$20+$G$21=940, _xlfn.XLOOKUP(B22, Datasheet!O3:O100, Datasheet!V3:V100, "", 0, 1), IF($G$20+$G$21=965, _xlfn.XLOOKUP(B22, Datasheet!O3:O100, Datasheet!W3:W100, "", 0, 1), 0)))))))) -> 3300 | I22: =IF(OR($E$22=0, $G$22=0, $G$23=0, $N$23=0), "Gegevens Ontbreken", IF((($B$24/$N$22)/140)>60, 60, ROUNDDOWN(($B$24/$N$22)/140, 0))) -> 16 | L22: Watt | N22: =IF($N$23=0, 1, $N$23) -> 0.95
A23: Optiek | B23: Prisma | E23: =IF(ISBLANK($B$23), "", _xlfn.XLOOKUP(B23, Datasheet!AA:AA, Datasheet!AE:AE, "Image", 0, 1)) -> #VALUE! | G23: =_xlfn.XLOOKUP(B23, Datasheet!AA:AA, Datasheet!AB:AB, 0, 0, 1) -> 0.676 | I23: Microprismatisch UGR<19 | L23: =IF(ISBLANK($I$23), "", _xlfn.XLOOKUP(I23, Datasheet!AD:AD, Datasheet!AE:AE, "Image", 0, 1)) -> #VALUE! | N23: =_xlfn.XLOOKUP(I23, Datasheet!AD:AD, Datasheet!AF:AF, "", 0, 1) -> 0.95
A24: Lichtopbrengst | B24: =IF(OR($E$22=0, $G$22=0, $G$23=0), "Gegevens Ontbreken", ROUND(($E$22*$G$22*$G$23)/10, 0)*10) -> 2230 | I24: =IF(OR($E$22=0, $G$22=0, $G$23=0, $N$23=0), "Gegevens Ontbreken", ROUND(($I$22*140*$N$23)/10, 0)*10) -> 2130
A25: Kleur Armatuur | B25: Wit (RAL 9016) | I25: =IF(ISBLANK($B$25), "", $B$25) -> Wit (RAL 9016)
B26: Anders (RAL): | I26: RAL | J26: =IF(ISBLANK($C$26), "", $C$26)
A27: Sturing | B27: DALI | I27: =IF(ISBLANK($B$27), "", $B$27) -> DALI
A28: Aansluiting | B28: GST18-3 male + BST14 chassis | E28: =IF(ISBLANK($B$28), "", IF($B$27="Aan-Uit", _xlfn.XLOOKUP(B28, Datasheet!AH:AH, Datasheet!AI:AI, "Image", 0, 1), IF($B$27="Aan-Uit-Dipswitch", _xlfn.XLOOKUP(B28, Datasheet!AH:AH, Datasheet!AI:AI, "Image", 0, 1), IF($B$27="Pushdim-Switchdim", _xlfn.XLOOKUP(B28, Datasheet!AH:AH, Datasheet!AI:AI, "Image", 0, 1), IF($B$27="DALI", _xlfn.XLOOKUP(B28, Datasheet!AK:AK, Datasheet!AL:AL, "Image", 0, 1), IF($B$27="1-10V", _xlfn.XLOOKUP(B28, Datasheet!AK:AK, Datasheet!AL:AL, "Image", 0, 1), 0)))))) -> #VALUE! | I28: =IF(ISBLANK($B$28), "", $B$28) -> GST18-3 male + BST14 chassis | L28: =IF(ISBLANK($I$28), "", IF($I$27="Aan-Uit", _xlfn.XLOOKUP(I28, Datasheet!AH:AH, Datasheet!AI:AI, "", 0, 1), IF($I$27="Aan-Uit-Dipswitch", _xlfn.XLOOKUP(I28, Datasheet!AH:AH, Datasheet!AI:AI, "", 0, 1), IF($I$27="Pushdim-Switchdim", _xlfn.XLOOKUP(I28, Datasheet!AH:AH, Datasheet!AI:AI, "", 0, 1), IF($I$27="DALI", _xlfn.XLOOKUP(I28, Datasheet!AK:AK, Datasheet!AL:AL, "", 0, 1), IF($I$27="1-10V", _xlfn.XLOOKUP(I28, Datasheet!AK:AK, Datasheet!AL:AL, "", 0, 1), "")))))) -> #VALUE!
A29: Nood | B29: Geen Nood | I29: =IF(ISBLANK($B$29), "", $B$29) -> Geen Nood
A30: Sensor | B30: Geen Sensor | I30: =IF(ISBLANK($B$30), "", $B$30) -> Geen Sensor
A31: Plenumafzuiging | B31: Nee | I31: =IF(ISBLANK($B$31), "", $B$31) -> Nee
A32: Extra's | I32: =IF(ISBLANK($B$32), "", $B$32)
I33: =IF(ISBLANK($B$33), "", $B$33)
I34: =IF(ISBLANK($B$34), "", $B$34)
B35: Aantallen | D35: 50 | F35: stuks | I35: Aantallen | K35: 50 | M35: stuks

Sheet Formulier2
A5: Projectnummer:
A6: Project Naam:
A7: Project Type:
A8: Installateur/Calculator/Engineer:
A9: Datum:
A10: Opmerkingen:
B12: Bestaand Armatuur | I12: Distrilight Alternatief
B13: =IF(OR(ISBLANK($B$14), ISBLANK($B$15), ISBLANK($B$16), ISBLANK($B$17), ISBLANK($B$19), ISBLANK($B$20), ISBLANK($B$21), ISBLANK($B$22), ISBLANK($E$22), ISBLANK($B$23), ISBLANK($B$24), ISBLANK($B$25), ISBLANK($B$27), ISBLANK($B$28), ISBLANK($B$29), ISBLANK($B$30), ISBLANK($B$31), ISBLANK($D$35)), "Incompleet Ingevuld", "Compleet Ingevuld") -> Incompleet Ingevuld | I13: =IF(OR(ISBLANK($I$14), ISBLANK($I$15), ISBLANK($I$16), ISBLANK($I$17), ISBLANK($I$19), ISBLANK($I$20), ISBLANK($I$21), ISBLANK($I$22), ISBLANK($I$23), ISBLANK($I$24), ISBLANK($I$25), ISBLANK($I$27), ISBLANK($I$28), ISBLANK($I$29), ISBLANK($I$30), ISBLANK($I$31), ISBLANK($K$35)), "Incompleet Ingevuld", "Compleet Ingevuld") -> Incompleet Ingevuld
A14: Lengte | F14: mm | I14: =IF(ISBLANK($B$14), "", $B$14) | M14: mm
A15: Breedte | F15: mm | I15: =IF(ISBLANK($B$15), "", $B$15) | M15: mm
A16: Hoogte | F16: mm | I16: =IF(ISBLANK($B$16), "", $B$16) | M16: mm
A17: Plafondtype | I17: =IF(ISBLANK($B$17), "", $B$17)
B18: Anders: | I18: Anders: | J18: =IF(ISBLANK($C$18), "", $C$18)
A19: Installatie | I19: =IF(ISBLANK($B$19), "", $B$19)
A20: Lichtkleur | G20: =IF($B$20="2700K", 27, IF($B$20="3000K", 30, IF($B$20="4000K", 40, IF($B$20="5000K", 50, IF($B$20="6500K", 65, 0))))) -> 0 | I20: =IF(ISBLANK($B$20), "", $B$20)
A21: CRI | G21: =IF($B$21="80+", 800, IF($B$21="90+", 900, 0)) -> 0 | I21: =IF(ISBLANK($B$21), "", $B$21)
A22: Bestaande Lamp | D22: Aantal | G22: =IF($G$20+$G$21=827, _xlfn.XLOOKUP(B22, Datasheet!O3:O100, Datasheet!P3:P100, "", 0, 1), IF($G$20+$G$21=830, _xlfn.XLOOKUP(B22, Datasheet!O3:O100, Datasheet!Q3:Q100, "", 0, 1), IF($G$20+$G$21=840, _xlfn.XLOOKUP(B22, Datasheet!O3:O100, Datasheet!R3:R100, "", 0, 1), IF($G$20+$G$21=865, _xlfn.XLOOKUP(B22, Datasheet!O3:O100, Datasheet!S3:S100, "", 0, 1), IF($G$20+$G$21=927, _xlfn.XLOOKUP(B22, Datasheet!O3:O100, Datasheet!T3:T100, "", 0, 1), IF($G$20+$G$21=930, _xlfn.XLOOKUP(B22, Datasheet!O3:O100, Datasheet!U3:U100, "", 0, 1), IF($G$20+$G$21=940, _xlfn.XLOOKUP(B22, Datasheet!O3:O100, Datasheet!V3:V100, "", 0, 1), IF($G$20+$G$21=965, _xlfn.XLOOKUP(B22, Datasheet!O3:O100, Datasheet!W3:W100, "", 0, 1), 0)))))))) -> 0 | I22: =IF(OR($E$22=0, $G$22=0, $G$23=0, $N$23=0), "Gegevens Ontbreken", IF((($B$24/$N$22)/140)>60, 60, ROUNDDOWN(($B$24/$N$22)/140, 0))) -> Gegevens Ontbreken | L22: Watt | N22: =IF($N$23=0, 1, $N$23) -> 1
A23: Optiek | E23: =IF(ISBLANK($B$23), "", _xlfn.XLOOKUP(B23, Datasheet2!AA:AA, Datasheet2!AE:AE, "Image", 0, 1)) | G23: =_xlfn.XLOOKUP(B23, Datasheet!AA:AA, Datasheet!AB:AB, 0, 0, 1) -> 0 | L23: =IF(ISBLANK($I$23), "", _xlfn.XLOOKUP(I23, Datasheet2!AD:AD, Datasheet2!AE:AE, "Image", 0, 1)) | N23: =_xlfn.XLOOKUP(I23, Datasheet!AD:AD, Datasheet!AF:AF, "", 0, 1) -> 0
A24: Lichtopbrengst | B24: =IF(OR($E$22=0, $G$22=0, $G$23=0), "Gegevens Ontbreken", ROUND(($E$22*$G$22*$G$23)/10, 0)*10) -> Gegevens Ontbreken | I24: =IF(OR($E$22=0, $G$22=0, $G$23=0, $N$23=0), "Gegevens Ontbreken", ROUND(($I$22*140*$N$23)/10, 0)*10) -> Gegevens Ontbreken
A25: Kleur Armatuur | I25: =IF(ISBLANK($B$25), "", $B$25)
B26: Anders (RAL): | I26: RAL | J26: =IF(ISBLANK($C$26), "", $C$26)
A27: Sturing | I27: =IF(ISBLANK($B$27), "", $B$27)
A28: Aansluiting | E28: =IF(ISBLANK($B$28), "", IF($B$27="Aan-Uit", _xlfn.XLOOKUP(B28, Datasheet2!AH:AH, Datasheet2!AI:AI, "Image", 0, 1), IF($B$27="Aan-Uit-Dipswitch", _xlfn.XLOOKUP(B28, Datasheet2!AH:AH, Datasheet2!AI:AI, "Image", 0, 1), IF($B$27="Pushdim-Switchdim", _xlfn.XLOOKUP(B28, Datasheet2!AH:AH, Datasheet2!AI:AI, "Image", 0, 1), IF($B$27="DALI", _xlfn.XLOOKUP(B28, Datasheet2!AK:AK, Datasheet2!AL:AL, "Image", 0, 1), IF($B$27="1-10V", _xlfn.XLOOKUP(B28, Datasheet2!AK:AK, Datasheet2!AL:AL, "Image", 0, 1), 0)))))) | I28: =IF(ISBLANK($B$28), "", $B$28) | L28: =IF(ISBLANK($I$28), "", IF($I$27="Aan-Uit", _xlfn.XLOOKUP(I28, Datasheet2!AH:AH, Datasheet2!AI:AI, "", 0, 1), IF($I$27="Aan-Uit-Dipswitch", _xlfn.XLOOKUP(I28, Datasheet2!AH:AH, Datasheet2!AI:AI, "", 0, 1), IF($I$27="Pushdim-Switchdim", _xlfn.XLOOKUP(I28, Datasheet2!AH:AH, Datasheet2!AI:AI, "", 0, 1), IF($I$27="DALI", _xlfn.XLOOKUP(I28, Datasheet2!AK:AK, Datasheet2!AL:AL, "", 0, 1), IF($I$27="1-10V", _xlfn.XLOOKUP(I28, Datasheet2!AK:AK, Datasheet2!AL:AL, "", 0, 1), ""))))))
A29: Nood | I29: =IF(ISBLANK($B$29), "", $B$29)
A30: Sensor | I30: =IF(ISBLANK($B$30), "", $B$30)
A31: Plenumafzuiging | I31: =IF(ISBLANK($B$31), "", $B$31)
A32: Extra's | I32: =IF(ISBLANK($B$32), "", $B$32)
I33: =IF(ISBLANK($B$33), "", $B$33)
I34: =IF(ISBLANK($B$34), "", $B$34)
B35: Aantallen | F35: stuks | I35: Aantallen | M35: stuks

Sheet Formulier3
A5: Projectnummer:
A6: Project Naam:
A7: Project Type:
A8: Installateur/Calculator/Engineer:
A9: Datum:
A10: Opmerkingen:
B12: Bestaand Armatuur | I12: Distrilight Alternatief
B13: =IF(OR(ISBLANK($B$14), ISBLANK($B$15), ISBLANK($B$16), ISBLANK($B$17), ISBLANK($B$19), ISBLANK($B$20), ISBLANK($B$21), ISBLANK($B$22), ISBLANK($E$22), ISBLANK($B$23), ISBLANK($B$24), ISBLANK($B$25), ISBLANK($B$27), ISBLANK($B$28), ISBLANK($B$29), ISBLANK($B$30), ISBLANK($B$31), ISBLANK($D$35)), "Incompleet Ingevuld", "Compleet Ingevuld") -> Incompleet Ingevuld | I13: =IF(OR(ISBLANK($I$14), ISBLANK($I$15), ISBLANK($I$16), ISBLANK($I$17), ISBLANK($I$19), ISBLANK($I$20), ISBLANK($I$21), ISBLANK($I$22), ISBLANK($I$23), ISBLANK($I$24), ISBLANK($I$25), ISBLANK($I$27), ISBLANK($I$28), ISBLANK($I$29), ISBLANK($I$30), ISBLANK($I$31), ISBLANK($K$35)), "Incompleet Ingevuld", "Compleet Ingevuld") -> Incompleet Ingevuld
A14: Lengte | F14: mm | I14: =IF(ISBLANK($B$14), "", $B$14) | M14: mm
A15: Breedte | F15: mm | I15: =IF(ISBLANK($B$15), "", $B$15) | M15: mm
A16: Hoogte | F16: mm | I16: =IF(ISBLANK($B$16), "", $B$16) | M16: mm
A17: Plafondtype | I17: =IF(ISBLANK($B$17), "", $B$17)
B18: Anders: | I18: Anders:
A19: Installatie | I19: =IF(ISBLANK($B$19), "", $B$19)
A20: Lichtkleur | G20: =IF($B$20="2700K", 27, IF($B$20="3000K", 30, IF($B$20="4000K", 40, IF($B$20="5000K", 50, IF($B$20="6500K", 65, 0))))) -> 0 | I20: =IF(ISBLANK($B$20), "", $B$20)
A21: CRI | G21: =IF($B$21="80+", 800, IF($B$21="90+", 900, 0)) -> 0 | I21: =IF(ISBLANK($B$21), "", $B$21)
A22: Bestaande Lamp | D22: Aantal | G22: =IF($G$20+$G$21=827, _xlfn.XLOOKUP(B22, Datasheet!O3:O100, Datasheet!P3:P100, "", 0, 1), IF($G$20+$G$21=830, _xlfn.XLOOKUP(B22, Datasheet!O3:O100, Datasheet!Q3:Q100, "", 0, 1), IF($G$20+$G$21=840, _xlfn.XLOOKUP(B22, Datasheet!O3:O100, Datasheet!R3:R100, "", 0, 1), IF($G$20+$G$21=865, _xlfn.XLOOKUP(B22, Datasheet!O3:O100, Datasheet!S3:S100, "", 0, 1), IF($G$20+$G$21=927, _xlfn.XLOOKUP(B22, Datasheet!O3:O100, Datasheet!T3:T100, "", 0, 1), IF($G$20+$G$21=930, _xlfn.XLOOKUP(B22, Datasheet!O3:O100, Datasheet!U3:U100, "", 0, 1), IF($G$20+$G$21=940, _xlfn.XLOOKUP(B22, Datasheet!O3:O100, Datasheet!V3:V100, "", 0, 1), IF($G$20+$G$21=965, _xlfn.XLOOKUP(B22, Datasheet!O3:O100, Datasheet!W3:W100, "", 0, 1), 0)))))))) -> 0 | I22: =IF(OR($E$22=0, $G$22=0, $G$23=0, $N$23=0), "Gegevens Ontbreken", IF((($B$24/$N$22)/140)>60, 60, ROUNDDOWN(($B$24/$N$22)/140, 0))) -> Gegevens Ontbreken | L22: Watt | N22: =IF($N$23=0, 1, $N$23) -> 1
A23: Optiek | E23: =IF(ISBLANK($B$23), "", _xlfn.XLOOKUP(B23, Datasheet3!AA:AA, Datasheet3!AE:AE, "Image", 0, 1)) | G23: =_xlfn.XLOOKUP(B23, Datasheet!AA:AA, Datasheet!AB:AB, 0, 0, 1) -> 0 | L23: =IF(ISBLANK($I$23), "", _xlfn.XLOOKUP(I23, Datasheet3!AD:AD, Datasheet3!AE:AE, "Image", 0, 1)) | N23: =_xlfn.XLOOKUP(I23, Datasheet!AD:AD, Datasheet!AF:AF, "", 0, 1) -> 0
A24: Lichtopbrengst | B24: =IF(OR($E$22=0, $G$22=0, $G$23=0), "Gegevens Ontbreken", ROUND(($E$22*$G$22*$G$23)/10, 0)*10) -> Gegevens Ontbreken | I24: =IF(OR($E$22=0, $G$22=0, $G$23=0, $N$23=0), "Gegevens Ontbreken", ROUND(($I$22*140*$N$23)/10, 0)*10) -> Gegevens Ontbreken
A25: Kleur Armatuur | I25: =IF(ISBLANK($B$25), "", $B$25)
B26: Anders (RAL): | I26: RAL | J26: =IF(ISBLANK($C$26), "", $C$26)
A27: Sturing | I27: =IF(ISBLANK($B$27), "", $B$27)
A28: Aansluiting | E28: =IF(ISBLANK($B$28), "", IF($B$27="Aan-Uit", _xlfn.XLOOKUP(B28, Datasheet3!AH:AH, Datasheet3!AI:AI, "Image", 0, 1), IF($B$27="Aan-Uit-Dipswitch", _xlfn.XLOOKUP(B28, Datasheet3!AH:AH, Datasheet3!AI:AI, "Image", 0, 1), IF($B$27="Pushdim-Switchdim", _xlfn.XLOOKUP(B28, Datasheet3!AH:AH, Datasheet3!AI:AI, "Image", 0, 1), IF($B$27="DALI", _xlfn.XLOOKUP(B28, Datasheet3!AK:AK, Datasheet3!AL:AL, "Image", 0, 1), IF($B$27="1-10V", _xlfn.XLOOKUP(B28, Datasheet3!AK:AK, Datasheet3!AL:AL, "Image", 0, 1), 0)))))) | I28: =IF(ISBLANK($B$28), "", $B$28) | L28: =IF(ISBLANK($I$28), "", IF($I$27="Aan-Uit", _xlfn.XLOOKUP(I28, Datasheet3!AH:AH, Datasheet3!AI:AI, "", 0, 1), IF($I$27="Aan-Uit-Dipswitch", _xlfn.XLOOKUP(I28, Datasheet3!AH:AH, Datasheet3!AI:AI, "", 0, 1), IF($I$27="Pushdim-Switchdim", _xlfn.XLOOKUP(I28, Datasheet3!AH:AH, Datasheet3!AI:AI, "", 0, 1), IF($I$27="DALI", _xlfn.XLOOKUP(I28, Datasheet3!AK:AK, Datasheet3!AL:AL, "", 0, 1), IF($I$27="1-10V", _xlfn.XLOOKUP(I28, Datasheet3!AK:AK, Datasheet3!AL:AL, "", 0, 1), ""))))))
A29: Nood | I29: =IF(ISBLANK($B$29), "", $B$29)
A30: Sensor | I30: =IF(ISBLANK($B$30), "", $B$30)
A31: Plenumafzuiging | I31: =IF(ISBLANK($B$31), "", $B$31)
A32: Extra's | I32: =IF(ISBLANK($B$32), "", $B$32)
I33: =IF(ISBLANK($B$33), "", $B$33)
I34: =IF(ISBLANK($B$34), "", $B$34)
B35: Aantallen | F35: stuks | I35: Aantallen | M35: stuks

Sheet Bestelformulier
A5: To:
A6: Date:
A7: Reference:
A8: Person in charge:
A19: Quantity | B19: Product Code | C19: Unit Price | D19: Description
C20: Inkoop EXW | D20: Type | E20: Length (mm) | F20: Width (mm) | G20: Height (mm) | H20: Watt | I20: Lumens | J20: Optics | K20: Kelvin colortemp | L20: CRI (Ra) | M20: Dimming | N20: Emergency | O20: Connector | P20: Ral color Housing | Q20: Air Slot | R20: Sensor | S20: remarks
A21: =IF(ISBLANK(Formulier!$K$35), "", Formulier!$K$35) -> 50 | D21: =IF(ISBLANK(Formulier!$I$19), "", IF(Formulier!$I$19="Inbouw", "Recessed", IF(Formulier!$I$19="Inleg", "Inlay", IF(Formulier!$I$19="Opbouw", "Surface-Mount", IF(Formulier!$I$19="Pendel", "Pendant", ""))))) -> Inlay | E21: =IF(ISBLANK(Formulier!$I$14), "", Formulier!$I$14) -> 1497 | F21: =IF(ISBLANK(Formulier!$I$15), "", Formulier!$I$15) -> 100 | G21: =IF(ISBLANK(Formulier!$I$16), "", Formulier!$I$16) -> 90 | H21: =IF(ISBLANK(Formulier!$I$22), "", Formulier!$I$22) -> 16 | I21: =IF(ISBLANK(Formulier!$I$24), "", Formulier!$I$24) -> 2130 | J21: =IF(ISBLANK(Formulier!$I$23), "", IF(Formulier!$I$23="Opaal UGR<22", "Diffuser", IF(Formulier!$I$23="Microprismatisch UGR<19", "Microprismatic", IF(Formulier!$I$23="Reflector Mat UGR<19", "Reflector Matt", IF(Formulier!$I$23="Reflector Hoogglans UGR<19", "Reflector Gloss", IF(Formulier!$I$23="A-symmetrisch ", "Asymmetrical", IF(Formulier!$I$23="Lens Optiek Wit UGR<19", "Lens White", IF(Formulier!$I$23="Lens Optiek Zwart UGR<19", "Lens Black", "")))))))) -> Microprismatic | K21: =IF(ISBLANK(Formulier!$I$20), "", Formulier!$I$20) -> 4000K | L21: =IF(ISBLANK(Formulier!$I$21), "", IF(Formulier!$I$21="80+", "CRI 80", IF(Formulier!$I$21="90+", "CRI 90", ""))) -> CRI 80 | M21: =IF(ISBLANK(Formulier!$I$27), "", IF(Formulier!$I$27="Aan-Uit", "On-Off", IF(Formulier!$I$27="DALI", "DALI", IF(Formulier!$I$27="1-10V", "1-10V", IF(Formulier!$I$27="Pushdim-Switchdim", "Pushdim-Switchdim", IF(Formulier!$I$27="Aan-Uit+Dipswitch", "On-Off + Dipswitch", "")))))) -> DALI | N21: =IF(ISBLANK(Formulier!$I$29), "", IF(Formulier!$I$29="Geen Nood", "No", IF(Formulier!$I$29="Ja, 1 uur autotest", "Yes, 1h Automatic", IF(Formulier!$I$29="Ja, 1 uur DALI autotest", "Yes, 1h DALI Automatic", IF(Formulier!$I$29="Ja, 1 uur manuele test", "Yes, 1h Manual", IF(Formulier!$I$29="Ja, 1 uur DALI manuele test", "Yes, 1h DALI Manual", IF(Formulier!$I$29="Ja, 3 uur autotest", "Yes, 3h Automatic", IF(Formulier!$I$29="Ja, 3 uur DALI autotest", "Yes, 3h DALI Automatic", IF(Formulier!$I$29="Ja, 3 uur manuele test", "Yes, 3h Manual", IF(Formulier!$I$29="Ja, 3 uur DALI manuele test", "Yes, 3h DALI Manual", "")))))))))) -> No | O21: =Formulier!$I$28 -> GST18-3 male + BST14 chassis | P21: =IF(ISBLANK(Formulier!$B$25), "", IF(Formulier!$B$25="Wit (RAL 9016)", 9016, IF(Formulier!$B$25="Zwart (RAL 9005)", 9005, Formulier!$C$26))) -> 9016 | Q21: =IF(ISBLANK(Formulier!$I$31), "", IF(Formulier!$I$31="Ja", "Yes", IF(Formulier!$I$31="Nee", "No", ""))) -> No | R21: =IF(ISBLANK(Formulier!$I$30), "", IF(Formulier!$I$30="Geen Sensor", "No", IF(Formulier!$I$30="Sensor Daglicht", "Daylight", IF(Formulier!$I$30="Sensor Beweging", "Movement", "")))) -> No
A22: =IF(ISBLANK(Formulier2!$K$35), "", Formulier2!$K$35) | D22: =IF(ISBLANK(Formulier2!$I$19), "", IF(Formulier2!$I$19="Inbouw", "Recessed", IF(Formulier2!$I$19="Inleg", "Inlay", IF(Formulier2!$I$19="Opbouw", "Surface-Mount", IF(Formulier2!$I$19="Pendel", "Pendant", ""))))) | E22: =IF(ISBLANK(Formulier2!$I$14), "", Formulier2!$I$14) | F22: =IF(ISBLANK(Formulier2!$I$15), "", Formulier2!$I$15) | G22: =IF(ISBLANK(Formulier2!$I$16), "", Formulier2!$I$16) | H22: =IF(ISBLANK(Formulier2!$I$22), "", Formulier2!$I$22) -> Gegevens Ontbreken | I22: =IF(ISBLANK(Formulier2!$I$24), "", Formulier2!$I$24) -> Gegevens Ontbreken | J22: =IF(ISBLANK(Formulier2!$I$23), "", IF(Formulier2!$I$23="Opaal UGR<22", "Diffuser", IF(Formulier2!$I$23="Microprismatisch UGR<19", "Microprismatic", IF(Formulier2!$I$23="Reflector Mat UGR<19", "Reflector Matt", IF(Formulier2!$I$23="Reflector Hoogglans UGR<19", "Reflector Gloss", IF(Formulier2!$I$23="A-symmetrisch ", "Asymmetrical", IF(Formulier2!$I$23="Lens Optiek Wit UGR<19", "Lens White", IF(Formulier2!$I$23="Lens Optiek Zwart UGR<19", "Lens Black", "")))))))) | K22: =IF(ISBLANK(Formulier2!$I$20), "", Formulier2!$I$20) | L22: =IF(ISBLANK(Formulier2!$I$21), "", IF(Formulier2!$I$21="80+", "CRI 80", IF(Formulier2!$I$21="90+", "CRI 90", ""))) | M22: =IF(ISBLANK(Formulier2!$I$27), "", IF(Formulier2!$I$27="Aan-Uit", "On-Off", IF(Formulier2!$I$27="DALI", "DALI", IF(Formulier2!$I$27="1-10V", "1-10V", IF(Formulier2!$I$27="Pushdim-Switchdim", "Pushdim-Switchdim", IF(Formulier2!$I$27="Aan-Uit+Dipswitch", "On-Off + Dipswitch", "")))))) | N22: =IF(ISBLANK(Formulier2!$I$29), "", IF(Formulier2!$I$29="Geen Nood", "No", IF(Formulier2!$I$29="Ja, 1 uur autotest", "Yes, 1h Automatic", IF(Formulier2!$I$29="Ja, 1 uur DALI autotest", "Yes, 1h DALI Automatic", IF(Formulier2!$I$29="Ja, 1 uur manuele test", "Yes, 1h Manual", IF(Formulier2!$I$29="Ja, 1 uur DALI manuele test", "Yes, 1h DALI Manual", IF(Formulier2!$I$29="Ja, 3 uur autotest", "Yes, 3h Automatic", IF(Formulier2!$I$29="Ja, 3 uur DALI autotest", "Yes, 3h DALI Automatic", IF(Formulier2!$I$29="Ja, 3 uur manuele test", "Yes, 3h Manual", IF(Formulier2!$I$29="Ja, 3 uur DALI manuele test", "Yes, 3h DALI Manual", "")))))))))) | O22: =Formulier2!$I$28 | P22: =IF(ISBLANK(Formulier2!$B$25), "", IF(Formulier2!$B$25="Wit (RAL 9016)", 9016, IF(Formulier2!$B$25="Zwart (RAL 9005)", 9005, Formulier2!$C$26))) | Q22: =IF(ISBLANK(Formulier2!$I$31), "", IF(Formulier2!$I$31="Ja", "Yes", IF(Formulier2!$I$31="Nee", "No", ""))) | R22: =IF(ISBLANK(Formulier2!$I$30), "", IF(Formulier2!$I$30="Geen Sensor", "No", IF(Formulier2!$I$30="Sensor Daglicht", "Daylight", IF(Formulier2!$I$30="Sensor Beweging", "Movement", ""))))
A23: =IF(ISBLANK(Formulier3!$K$35), "", Formulier3!$K$35) | D23: =IF(ISBLANK(Formulier3!$I$19), "", IF(Formulier3!$I$19="Inbouw", "Recessed", IF(Formulier3!$I$19="Inleg", "Inlay", IF(Formulier3!$I$19="Opbouw", "Surface-Mount", IF(Formulier3!$I$19="Pendel", "Pendant", ""))))) | E23: =IF(ISBLANK(Formulier3!$I$14), "", Formulier3!$I$14) | F23: =IF(ISBLANK(Formulier3!$I$15), "", Formulier3!$I$15) | G23: =IF(ISBLANK(Formulier3!$I$16), "", Formulier3!$I$16) | H23: =IF(ISBLANK(Formulier3!$I$22), "", Formulier3!$I$22) -> Gegevens Ontbreken | I23: =IF(ISBLANK(Formulier3!$I$24), "", Formulier3!$I$24) -> Gegevens Ontbreken | J23: =IF(ISBLANK(Formulier3!$I$23), "", IF(Formulier3!$I$23="Opaal UGR<22", "Diffuser", IF(Formulier3!$I$23="Microprismatisch UGR<19", "Microprismatic", IF(Formulier3!$I$23="Reflector Mat UGR<19", "Reflector Matt", IF(Formulier3!$I$23="Reflector Hoogglans UGR<19", "Reflector Gloss", IF(Formulier3!$I$23="A-symmetrisch ", "Asymmetrical", IF(Formulier3!$I$23="Lens Optiek Wit UGR<19", "Lens White", IF(Formulier3!$I$23="Lens Optiek Zwart UGR<19", "Lens Black", "")))))))) | K23: =IF(ISBLANK(Formulier3!$I$20), "", Formulier3!$I$20) | L23: =IF(ISBLANK(Formulier3!$I$21), "", IF(Formulier3!$I$21="80+", "CRI 80", IF(Formulier3!$I$21="90+", "CRI 90", ""))) | M23: =IF(ISBLANK(Formulier3!$I$27), "", IF(Formulier3!$I$27="Aan-Uit", "On-Off", IF(Formulier3!$I$27="DALI", "DALI", IF(Formulier3!$I$27="1-10V", "1-10V", IF(Formulier3!$I$27="Pushdim-Switchdim", "Pushdim-Switchdim", IF(Formulier3!$I$27="Aan-Uit+Dipswitch", "On-Off + Dipswitch", "")))))) | N23: =IF(ISBLANK(Formulier3!$I$29), "", IF(Formulier3!$I$29="Geen Nood", "No", IF(Formulier3!$I$29="Ja, 1 uur autotest", "Yes, 1h Automatic", IF(Formulier3!$I$29="Ja, 1 uur DALI autotest", "Yes, 1h DALI Automatic", IF(Formulier3!$I$29="Ja, 1 uur manuele test", "Yes, 1h Manual", IF(Formulier3!$I$29="Ja, 1 uur DALI manuele test", "Yes, 1h DALI Manual", IF(Formulier3!$I$29="Ja, 3 uur autotest", "Yes, 3h Automatic", IF(Formulier3!$I$29="Ja, 3 uur DALI autotest", "Yes, 3h DALI Automatic", IF(Formulier3!$I$29="Ja, 3 uur manuele test", "Yes, 3h Manual", IF(Formulier3!$I$29="Ja, 3 uur DALI manuele test", "Yes, 3h DALI Manual", "")))))))))) | O23: =Formulier3!$I$28 | P23: =IF(ISBLANK(Formulier3!$B$25), "", IF(Formulier3!$B$25="Wit (RAL 9016)", 9016, IF(Formulier3!$B$25="Zwart (RAL 9005)", 9005, Formulier3!$C$26))) | Q23: =IF(ISBLANK(Formulier3!$I$31), "", IF(Formulier3!$I$31="Ja", "Yes", IF(Formulier3!$I$31="Nee", "No", ""))) | R23: =IF(ISBLANK(Formulier3!$I$30), "", IF(Formulier3!$I$30="Geen Sensor", "No", IF(Formulier3!$I$30="Sensor Daglicht", "Daylight", IF(Formulier3!$I$30="Sensor Beweging", "Movement", ""))))

Sheet Datasheet
A1: Project | C1: Montage | E1: Type Plafond | G1: Armatuurkleur | I1: Aantal lichtbronnen | K1: CRI | M1: Kleurtemperatuur | O1: Lichtbron | Y1: Sturing | AA1: Afscherming Oud | AD1: Afscherming Nieuw | AE1: Afb. afscherming | AH1: Aansluiting aan-uit/push-switchdim | AK1: Aansluiting DALI/1-10V | AN1: Noodverlichting | AP1: Ventilatie | AR1: Sensor | AT1: Berichten
P2: 827 | Q2: 830 | R2: 840 | S2: 865 | T2: 927 | U2: 930 | V2: 940 | W2: 965
A3: Renovatie | B3: {=_xlfn._xlws.FILTER(A3:A100,ISNUMBER(SEARCH(Formulier!I7,A3:A100)),"Not Found")} -> Renovatie | C3: Inbouw | D3: {=_xlfn._xlws.FILTER(C3:C100,ISNUMBER(SEARCH(Formulier!B19,C3:C100)),"Not Found")} -> Inleg | E3: Systeemplafond | F3: {=_xlfn._xlws.FILTER(E3:E100,ISNUMBER(SEARCH(Formulier!B17,E3:E100)),"Not Found")} -> Bandrasterplafond | G3: Wit (RAL 9016) | H3: {=_xlfn._xlws.FILTER(G3:G100,ISNUMBER(SEARCH(Formulier!B25,G3:G100)),"Not Found")} -> Wit (RAL 9016) | I3: 1 | J3: {=_xlfn._xlws.FILTER(I3:I100,ISNUMBER(SEARCH(Formulier!E22,I3:I100)),"Not Found")} -> 1 | K3: 80+ | L3: {=_xlfn._xlws.FILTER(K3:K100,ISNUMBER(SEARCH(Formulier!B21,K3:K100)),"Not Found")} -> 80+ | M3: 2700K | N3: {=_xlfn._xlws.FILTER(M3:M100,ISNUMBER(SEARCH(Formulier!B20,M3:M100)),"Not Found")} -> 4000K | O3: TL8-18W | P3: 1350 | Q3: 1350 | R3: 1350 | S3: 1300 | T3: n.a. | U3: 1100 | V3: 1200 | W3: 1150 | X3: {=_xlfn._xlws.FILTER(O3:O100,ISNUMBER(SEARCH(Formulier!B22,O3:O100)),"Not Found")} -> TL5-35W | Y3: Aan-uit | Z3: {=_xlfn._xlws.FILTER(Y3:Y100,ISNUMBER(SEARCH(Formulier!B27,Y3:Y100)),"Not Found")} -> DALI | AA3: Opaal | AB3: 0.665 | AC3: {=_xlfn._xlws.FILTER(AA3:AA100,ISNUMBER(SEARCH(Formulier!B23,AA3:AA100)),"Not Found")} -> Prisma | AD3: Opaal UGR<22 | AE3: #VALUE! | AF3: 0.95 | AG3: {=_xlfn._xlws.FILTER(AD3:AD100,ISNUMBER(SEARCH(Formulier!I23,AD3:AD100)),"Not Found")} -> Microprismatisch UGR<19 | AH3: Kaal | AI3: #VALUE! | AJ3: {=_xlfn._xlws.FILTER(AH3:AH100,ISNUMBER(SEARCH(Formulier!B28,AH3:AH100)),"Not Found")} -> Not Found | AK3: Kaal | AL3: #VALUE! | AM3: {=_xlfn._xlws.FILTER(AK3:AK100,ISNUMBER(SEARCH(Formulier!B28,AK3:AK100)),"Not Found")} -> GST18-3 male + BST14 chassis | AN3: Geen Nood | AO3: {=_xlfn._xlws.FILTER(AN3:AN100,ISNUMBER(SEARCH(Formulier!B29,AN3:AN100)),"Not Found")} -> Geen Nood | AP3: Ja | AQ3: {=_xlfn._xlws.FILTER(AP3:AP100,ISNUMBER(SEARCH(Formulier!B31,AP3:AP100)),"Not Found")} -> Nee | AR3: Geen Sensor | AS3: {=_xlfn._xlws.FILTER(AR3:AR100,ISNUMBER(SEARCH(Formulier!B30,AR3:AR100)),"Not Found")} -> Geen Sensor | AT3: Niet mogelijk met huidige selectie | AU3: {=_xlfn._xlws.FILTER(AT3:AT100,ISNUMBER(SEARCH(Formulier!D32,AT3:AT100)),"Not Found")} -> Niet mogelijk met huidige selectie
A4: Nieuwbouw | C4: Inleg | E4: Bandrasterplafond | G4: Zwart (RAL 9005) | I4: 2 | K4: 90+ | M4: 3000K | O4: TL8-36W | P4: 3350 | Q4: 3350 | R4: 3350 | S4: 3250 | T4: n.a. | U4: 2800 | V4: 2800 | W4: 2800 | Y4: DALI | AA4: Prisma | AB4: 0.676 | AD4: Microprismatisch UGR<19 | AE4: #VALUE! | AF4: 0.95 | AH4: Eurosteker snoer 1m | AI4: #VALUE! | AK4: Eurosteker snoer 1m + kaal | AL4: #VALUE! | AN4: Ja, 1 uur autotest | AP4: Nee | AR4: Sensor Daglicht
C5: Opbouw | E5: Klimaatplafond | G5: Anders (RAL.…) | I5: 3 | M5: 4000K | O5: TL8-58W | P5: 5200 | Q5: 5200 | R5: 5200 | S5: 5000 | T5: n.a. | U5: 4350 | V5: 4600 | W5: 4550 | Y5: 1-10V | AA5: Reflector mat | AB5: 0.711 | AD5: Reflector Mat UGR<19 | AE5: #VALUE! | AF5: 0.95 | AH5: Eurosteker snoer 2m | AI5: #VALUE! | AK5: Eurosteker snoer 2m + kaal | AL5: #VALUE! | AN5: Ja, 1 uur DALI autotest | AR5: Sensor Beweging
C6: Pendel | E6: Baffle Plafond | I6: 4 | M6: 5000K | O6: TL5-14W | P6: 1350 | Q6: 1350 | R6: 1350 | S6: 1250 | T6: n.a. | U6: n.a. | V6: n.a. | W6: n.a. | Y6: Pushdim-Switchdim | AA6: Reflector hoogglans | AB6: 0.835 | AD6: Reflector Hoogglans UGR<19 | AE6: #VALUE! | AF6: 0.95 | AH6: Eurosteker snoer 3m | AI6: #VALUE! | AK6: Eurosteker snoer 3m + kaal | AL6: #VALUE! | AN6: Ja, 1 uur manuele test
E7: Anders: | M7: 6500K | O7: TL5-21W | P7: 1900 | Q7: 1900 | R7: 1900 | S7: 1750 | T7: n.a. | U7: n.a. | V7: n.a. | W7: n.a. | Y7: Aan-Uit+Dipswitch | AA7: A-symmetrisch | AB7: 0.766 | AD7: A-symmetrisch | AE7: #VALUE! | AF7: 0.95 | AH7: RA-steker snoer 1m | AI7: #VALUE! | AK7: RA-steker snoer 1m + kaal | AL7: #VALUE! | AN7: Ja, 1 uur DALI manuele test
O8: TL5-24W | P8: 1750 | Q8: 1750 | R8: 1750 | S8: 1650 | T8: n.a. | U8: n.a. | V8: 1600 | W8: 1600 | AD8: Lens Optiek Wit UGR<19 | AE8: #VALUE! | AF8: 0.95 | AH8: RA-steker snoer 2m | AI8: #VALUE! | AK8: RA-steker snoer 2m + kaal | AL8: #VALUE! | AN8: Ja, 3 uur autotest
O9: TL5-28W | P9: 2600 | Q9: 2600 | R9: 2600 | S9: 2400 | T9: n.a. | U9: n.a. | V9: n.a. | W9: n.a. | AD9: Lens Optiek Zwart UGR<19 | AE9: #VALUE! | AF9: 0.9 | AH9: RA-steker snoer 3m | AI9: #VALUE! | AK9: RA-steker snoer 3m + kaal | AL9: #VALUE! | AN9: Ja, 3 uur DALI autotest
O10: TL5-35W | P10: 3300 | Q10: 3300 | R10: 3300 | S10: 3100 | T10: n.a. | U10: n.a. | V10: n.a. | W10: n.a. | AH10: GST18-3 male chassis | AI10: #VALUE! | AK10: GST18-5 male chassis | AL10: #VALUE! | AN10: Ja, 3 uur manuele test
O11: TL5-39W | P11: 3100 | Q11: 3100 | R11: 3100 | S11: 2900 | T11: n.a. | U11: n.a. | V11: n.a. | W11: n.a. | AH11: GST18-3 male chassis + splitter | AI11: #VALUE! | AK11: GST18-5 male chassis + splitter | AL11: #VALUE! | AN11: Ja, 3 uur DALI manuele test
O12: TL5-49W | P12: 4300 | Q12: 4300 | R12: 4300 | S12: 4100 | T12: n.a. | U12: n.a. | V12: 4200 | W12: 4200 | AH12: GST18-3 male + female chassis | AI12: #VALUE! | AK12: GST18-5 male + female chassis | AL12: #VALUE!
O13: TL5-54W | P13: 4450 | Q13: 4450 | R13: 4450 | S13: 4150 | T13: n.a. | U13: n.a. | V13: 4300 | W13: 4300 | AH13: GST18-3 male snoer 1m | AI13: #VALUE! | AK13: GST18-5 male snoer 1m | AL13: #VALUE!
O14: TL5-80W | P14: 6150 | Q14: 6150 | R14: 6150 | S14: 5850 | T14: n.a. | U14: n.a. | V14: n.a. | W14: n.a. | AH14: GST18-3 male snoer 2m | AI14: #VALUE! | AK14: GST18-5 male snoer 2m | AL14: #VALUE!
AH15: GST18-3 male snoer 3m | AI15: #VALUE! | AK15: GST18-5 male snoer 3m | AL15: #VALUE!
AK16: GST18-3 male chassis + kaal | AL16: #VALUE!
AK17: GST18-3 male chassis + splitter + kaal | AL17: #VALUE!
AK18: GST18-3 male + female chassis + kaal | AL18: #VALUE!
AK19: GST18-3 male snoer 1m + kaal | AL19: #VALUE!
AK20: GST18-3 male snoer 2m + kaal | AL20: #VALUE!
AK21: GST18-3 male snoer 3m + kaal | AL21: #VALUE!
AK22: GST18-3 male + BST14 chassis | AL22: #VALUE!

Sheet Datasheet2
A1: Project | C1: Montage | E1: Type Plafond | G1: Armatuurkleur | I1: Aantal lichtbronnen | K1: CRI | M1: Kleurtemperatuur | O1: Lichtbron | Y1: Sturing | AA1: Afscherming Oud | AD1: Afscherming Nieuw | AE1: Afb. afscherming | AH1: Aansluiting aan-uit/push-switchdim | AK1: Aansluiting DALI/1-10V | AN1: Noodverlichting | AP1: Ventilatie | AR1: Sensor | AT1: Berichten
P2: 827 | Q2: 830 | R2: 840 | S2: 865 | T2: 927 | U2: 930 | V2: 940 | W2: 965
A3: Renovatie | B3: {=_xlfn._xlws.FILTER(A3:A100,ISNUMBER(SEARCH(Formulier2!I7,A3:A100)),"Not Found")} -> Renovatie | C3: Inbouw | D3: {=_xlfn._xlws.FILTER(C3:C100,ISNUMBER(SEARCH(Formulier2!B19,C3:C100)),"Not Found")} -> Inbouw | E3: Systeemplafond | F3: {=_xlfn._xlws.FILTER(E3:E100,ISNUMBER(SEARCH(Formulier2!B17,E3:E100)),"Not Found")} -> Systeemplafond | G3: Wit (RAL 9016) | H3: {=_xlfn._xlws.FILTER(G3:G100,ISNUMBER(SEARCH(Formulier2!B25,G3:G100)),"Not Found")} -> Wit (RAL 9016) | I3: 1 | J3: {=_xlfn._xlws.FILTER(I3:I100,ISNUMBER(SEARCH(Formulier2!E22,I3:I100)),"Not Found")} -> 1 | K3: 80+ | L3: {=_xlfn._xlws.FILTER(K3:K100,ISNUMBER(SEARCH(Formulier2!B21,K3:K100)),"Not Found")} -> 80+ | M3: 2700K | N3: {=_xlfn._xlws.FILTER(M3:M100,ISNUMBER(SEARCH(Formulier2!B20,M3:M100)),"Not Found")} -> 2700K | O3: TL8-18W | P3: 1350 | Q3: 1350 | R3: 1350 | S3: 1300 | T3: n.a. | U3: 1100 | V3: 1200 | W3: 1150 | X3: {=_xlfn._xlws.FILTER(O3:O100,ISNUMBER(SEARCH(Formulier2!B22,O3:O100)),"Not Found")} -> TL8-18W | Y3: Aan-uit | Z3: {=_xlfn._xlws.FILTER(Y3:Y100,ISNUMBER(SEARCH(Formulier2!B27,Y3:Y100)),"Not Found")} -> Aan-uit | AA3: Opaal | AB3: 0.665 | AC3: {=_xlfn._xlws.FILTER(AA3:AA100,ISNUMBER(SEARCH(Formulier2!B23,AA3:AA100)),"Not Found")} -> Opaal | AD3: Opaal UGR<22 | AE3: #VALUE! | AF3: 0.95 | AG3: {=_xlfn._xlws.FILTER(AD3:AD100,ISNUMBER(SEARCH(Formulier2!I23,AD3:AD100)),"Not Found")} -> Opaal UGR<22 | AH3: Kaal | AI3: #VALUE! | AJ3: {=_xlfn._xlws.FILTER(AH3:AH100,ISNUMBER(SEARCH(Formulier2!B28,AH3:AH100)),"Not Found")} -> Kaal | AK3: Kaal | AL3: #VALUE! | AM3: {=_xlfn._xlws.FILTER(AK3:AK100,ISNUMBER(SEARCH(Formulier2!B28,AK3:AK100)),"Not Found")} -> Kaal | AN3: Geen Nood | AO3: {=_xlfn._xlws.FILTER(AN3:AN100,ISNUMBER(SEARCH(Formulier2!B29,AN3:AN100)),"Not Found")} -> Geen Nood | AP3: Ja | AQ3: {=_xlfn._xlws.FILTER(AP3:AP100,ISNUMBER(SEARCH(Formulier2!B31,AP3:AP100)),"Not Found")} -> Ja | AR3: Geen Sensor | AS3: {=_xlfn._xlws.FILTER(AR3:AR100,ISNUMBER(SEARCH(Formulier2!B32,AR3:AR100)),"Not Found")} -> Geen Sensor | AT3: Niet mogelijk met huidige selectie | AU3: {=_xlfn._xlws.FILTER(AT3:AT100,ISNUMBER(SEARCH(Formulier2!D32,AT3:AT100)),"Not Found")} -> Niet mogelijk met huidige selectie
A4: Nieuwbouw | B4: Nieuwbouw | C4: Inleg | D4: Inleg | E4: Bandrasterplafond | F4: Bandrasterplafond | G4: Zwart (RAL 9005) | H4: Zwart (RAL 9005) | I4: 2 | J4: 2 | K4: 90+ | L4: 90+ | M4: 3000K | N4: 3000K | O4: TL8-36W | P4: 3350 | Q4: 3350 | R4: 3350 | S4: 3250 | T4: n.a. | U4: 2800 | V4: 2800 | W4: 2800 | X4: TL8-36W | Y4: DALI | Z4: DALI | AA4: Prisma | AB4: 0.676 | AC4: Prisma | AD4: Microprismatisch UGR<19 | AE4: #VALUE! | AF4: 0.95 | AG4: Microprismatisch UGR<19 | AH4: Eurosteker snoer 1m | AI4: #VALUE! | AJ4: Eurosteker snoer 1m | AK4: Eurosteker snoer 1m + kaal | AL4: #VALUE! | AM4: Eurosteker snoer 1m + kaal | AN4: Ja, 1 uur autotest | AO4: Ja, 1 uur autotest | AP4: Nee | AQ4: Nee | AR4: Sensor Daglicht | AS4: Sensor Daglicht
C5: Opbouw | D5: Opbouw | E5: Klimaatplafond | F5: Klimaatplafond | G5: Anders (RAL.…) | H5: Anders (RAL.…) | I5: 3 | J5: 3 | M5: 4000K | N5: 4000K | O5: TL8-58W | P5: 5200 | Q5: 5200 | R5: 5200 | S5: 5000 | T5: n.a. | U5: 4350 | V5: 4600 | W5: 4550 | X5: TL8-58W | Y5: 1-10V | Z5: 1-10V | AA5: Reflector mat | AB5: 0.711 | AC5: Reflector mat | AD5: Reflector Mat UGR<19 | AE5: #VALUE! | AF5: 0.95 | AG5: Reflector Mat UGR<19 | AH5: Eurosteker snoer 2m | AI5: #VALUE! | AJ5: Eurosteker snoer 2m | AK5: Eurosteker snoer 2m + kaal | AL5: #VALUE! | AM5: Eurosteker snoer 2m + kaal | AN5: Ja, 1 uur DALI autotest | AO5: Ja, 1 uur DALI autotest | AR5: Sensor Beweging | AS5: Sensor Beweging
C6: Pendel | D6: Pendel | E6: Baffle Plafond | F6: Baffle Plafond | I6: 4 | J6: 4 | M6: 5000K | N6: 5000K | O6: TL5-14W | P6: 1350 | Q6: 1350 | R6: 1350 | S6: 1250 | T6: n.a. | U6: n.a. | V6: n.a. | W6: n.a. | X6: TL5-14W | Y6: Pushdim-Switchdim | Z6: Pushdim-Switchdim | AA6: Reflector hoogglans | AB6: 0.835 | AC6: Reflector hoogglans | AD6: Reflector Hoogglans UGR<19 | AE6: #VALUE! | AF6: 0.95 | AG6: Reflector Hoogglans UGR<19 | AH6: Eurosteker snoer 3m | AI6: #VALUE! | AJ6: Eurosteker snoer 3m | AK6: Eurosteker snoer 3m + kaal | AL6: #VALUE! | AM6: Eurosteker snoer 3m + kaal | AN6: Ja, 1 uur manuele test | AO6: Ja, 1 uur manuele test
E7: Anders: | F7: Anders: | M7: 6500K | N7: 6500K | O7: TL5-21W | P7: 1900 | Q7: 1900 | R7: 1900 | S7: 1750 | T7: n.a. | U7: n.a. | V7: n.a. | W7: n.a. | X7: TL5-21W | Y7: Aan-Uit+Dipswitch | Z7: Aan-Uit+Dipswitch | AA7: A-symmetrisch | AB7: 0.766 | AC7: A-symmetrisch | AD7: A-symmetrisch | AE7: #VALUE! | AF7: 0.95 | AG7: A-symmetrisch | AH7: RA-steker snoer 1m | AI7: #VALUE! | AJ7: RA-steker snoer 1m | AK7: RA-steker snoer 1m + kaal | AL7: #VALUE! | AM7: RA-steker snoer 1m + kaal | AN7: Ja, 1 uur DALI manuele test | AO7: Ja, 1 uur DALI manuele test
O8: TL5-24W | P8: 1750 | Q8: 1750 | R8: 1750 | S8: 1650 | T8: n.a. | U8: n.a. | V8: 1600 | W8: 1600 | X8: TL5-24W | AD8: Lens Optiek Wit UGR<19 | AE8: #VALUE! | AF8: 0.95 | AG8: Lens Optiek Wit UGR<19 | AH8: RA-steker snoer 2m | AI8: #VALUE! | AJ8: RA-steker snoer 2m | AK8: RA-steker snoer 2m + kaal | AL8: #VALUE! | AM8: RA-steker snoer 2m + kaal | AN8: Ja, 3 uur autotest | AO8: Ja, 3 uur autotest
O9: TL5-28W | P9: 2600 | Q9: 2600 | R9: 2600 | S9: 2400 | T9: n.a. | U9: n.a. | V9: n.a. | W9: n.a. | X9: TL5-28W | AD9: Lens Optiek Zwart UGR<19 | AE9: #VALUE! | AF9: 0.9 | AG9: Lens Optiek Zwart UGR<19 | AH9: RA-steker snoer 3m | AI9: #VALUE! | AJ9: RA-steker snoer 3m | AK9: RA-steker snoer 3m + kaal | AL9: #VALUE! | AM9: RA-steker snoer 3m + kaal | AN9: Ja, 3 uur DALI autotest | AO9: Ja, 3 uur DALI autotest
O10: TL5-35W | P10: 3300 | Q10: 3300 | R10: 3300 | S10: 3100 | T10: n.a. | U10: n.a. | V10: n.a. | W10: n.a. | X10: TL5-35W | AH10: GST18-3 male chassis | AI10: #VALUE! | AJ10: GST18-3 male chassis | AK10: GST18-5 male chassis | AL10: #VALUE! | AM10: GST18-5 male chassis | AN10: Ja, 3 uur manuele test | AO10: Ja, 3 uur manuele test
O11: TL5-39W | P11: 3100 | Q11: 3100 | R11: 3100 | S11: 2900 | T11: n.a. | U11: n.a. | V11: n.a. | W11: n.a. | X11: TL5-39W | AH11: GST18-3 male chassis + splitter | AI11: #VALUE! | AJ11: GST18-3 male chassis + splitter | AK11: GST18-5 male chassis + splitter | AL11: #VALUE! | AM11: GST18-5 male chassis + splitter | AN11: Ja, 3 uur DALI manuele test | AO11: Ja, 3 uur DALI manuele test
O12: TL5-49W | P12: 4300 | Q12: 4300 | R12: 4300 | S12: 4100 | T12: n.a. | U12: n.a. | V12: 4200 | W12: 4200 | X12: TL5-49W | AH12: GST18-3 male + female chassis | AI12: #VALUE! | AJ12: GST18-3 male + female chassis | AK12: GST18-5 male + female chassis | AL12: #VALUE! | AM12: GST18-5 male + female chassis
O13: TL5-54W | P13: 4450 | Q13: 4450 | R13: 4450 | S13: 4150 | T13: n.a. | U13: n.a. | V13: 4300 | W13: 4300 | X13: TL5-54W | AH13: GST18-3 male snoer 1m | AI13: #VALUE! | AJ13: GST18-3 male snoer 1m | AK13: GST18-5 male snoer 1m | AL13: #VALUE! | AM13: GST18-5 male snoer 1m
O14: TL5-80W | P14: 6150 | Q14: 6150 | R14: 6150 | S14: 5850 | T14: n.a. | U14: n.a. | V14: n.a. | W14: n.a. | X14: TL5-80W | AH14: GST18-3 male snoer 2m | AI14: #VALUE! | AJ14: GST18-3 male snoer 2m | AK14: GST18-5 male snoer 2m | AL14: #VALUE! | AM14: GST18-5 male snoer 2m
AH15: GST18-3 male snoer 3m | AI15: #VALUE! | AJ15: GST18-3 male snoer 3m | AK15: GST18-5 male snoer 3m | AL15: #VALUE! | AM15: GST18-5 male snoer 3m
AK16: GST18-3 male chassis + kaal | AL16: #VALUE! | AM16: GST18-3 male chassis + kaal
AK17: GST18-3 male chassis + splitter + kaal | AL17: #VALUE! | AM17: GST18-3 male chassis + splitter + kaal
AK18: GST18-3 male + female chassis + kaal | AL18: #VALUE! | AM18: GST18-3 male + female chassis + kaal
AK19: GST18-3 male snoer 1m + kaal | AL19: #VALUE! | AM19: GST18-3 male snoer 1m + kaal
AK20: GST18-3 male snoer 2m + kaal | AL20: #VALUE! | AM20: GST18-3 male snoer 2m + kaal
AK21: GST18-3 male snoer 3m + kaal | AL21: #VALUE! | AM21: GST18-3 male snoer 3m + kaal
AK22: GST18-3 male + BST14 chassis | AL22: #VALUE! | AM22: GST18-3 male + BST14 chassis

Sheet Datasheet3
A1: Project | C1: Montage | E1: Type Plafond | G1: Armatuurkleur | I1: Aantal lichtbronnen | K1: CRI | M1: Kleurtemperatuur | O1: Lichtbron | Y1: Sturing | AA1: Afscherming Oud | AD1: Afscherming Nieuw | AE1: Afb. afscherming | AH1: Aansluiting aan-uit/push-switchdim | AK1: Aansluiting DALI/1-10V | AN1: Noodverlichting | AP1: Ventilatie | AR1: Sensor | AT1: Berichten
P2: 827 | Q2: 830 | R2: 840 | S2: 865 | T2: 927 | U2: 930 | V2: 940 | W2: 965
A3: Renovatie | B3: {=_xlfn._xlws.FILTER(A3:A100,ISNUMBER(SEARCH(Formulier3!I7,A3:A100)),"Not Found")} -> Renovatie | C3: Inbouw | D3: {=_xlfn._xlws.FILTER(C3:C100,ISNUMBER(SEARCH(Formulier3!B19,C3:C100)),"Not Found")} -> Inbouw | E3: Systeemplafond | F3: {=_xlfn._xlws.FILTER(E3:E100,ISNUMBER(SEARCH(Formulier3!B17,E3:E100)),"Not Found")} -> Systeemplafond | G3: Wit (RAL 9016) | H3: {=_xlfn._xlws.FILTER(G3:G100,ISNUMBER(SEARCH(Formulier3!B25,G3:G100)),"Not Found")} -> Wit (RAL 9016) | I3: 1 | J3: {=_xlfn._xlws.FILTER(I3:I100,ISNUMBER(SEARCH(Formulier3!E22,I3:I100)),"Not Found")} -> 1 | K3: 80+ | L3: {=_xlfn._xlws.FILTER(K3:K100,ISNUMBER(SEARCH(Formulier3!B21,K3:K100)),"Not Found")} -> 80+ | M3: 2700K | N3: {=_xlfn._xlws.FILTER(M3:M100,ISNUMBER(SEARCH(Formulier3!B20,M3:M100)),"Not Found")} -> 2700K | O3: TL8-18W | P3: 1350 | Q3: 1350 | R3: 1350 | S3: 1300 | T3: n.a. | U3: 1100 | V3: 1200 | W3: 1150 | X3: {=_xlfn._xlws.FILTER(O3:O100,ISNUMBER(SEARCH(Formulier3!B22,O3:O100)),"Not Found")} -> TL8-18W | Y3: Aan-uit | Z3: {=_xlfn._xlws.FILTER(Y3:Y100,ISNUMBER(SEARCH(Formulier3!B27,Y3:Y100)),"Not Found")} -> Aan-uit | AA3: Opaal | AB3: 0.665 | AC3: {=_xlfn._xlws.FILTER(AA3:AA100,ISNUMBER(SEARCH(Formulier3!B23,AA3:AA100)),"Not Found")} -> Opaal | AD3: Opaal UGR<22 | AE3: #VALUE! | AF3: 0.95 | AG3: {=_xlfn._xlws.FILTER(AD3:AD100,ISNUMBER(SEARCH(Formulier3!I23,AD3:AD100)),"Not Found")} -> Opaal UGR<22 | AH3: Kaal | AI3: #VALUE! | AJ3: {=_xlfn._xlws.FILTER(AH3:AH100,ISNUMBER(SEARCH(Formulier3!B28,AH3:AH100)),"Not Found")} -> Kaal | AK3: Kaal | AL3: #VALUE! | AM3: {=_xlfn._xlws.FILTER(AK3:AK100,ISNUMBER(SEARCH(Formulier3!B28,AK3:AK100)),"Not Found")} -> Kaal | AN3: Geen Nood | AO3: {=_xlfn._xlws.FILTER(AN3:AN100,ISNUMBER(SEARCH(Formulier3!B29,AN3:AN100)),"Not Found")} -> Geen Nood | AP3: Ja | AQ3: {=_xlfn._xlws.FILTER(AP3:AP100,ISNUMBER(SEARCH(Formulier3!B31,AP3:AP100)),"Not Found")} -> Ja | AR3: Geen Sensor | AS3: {=_xlfn._xlws.FILTER(AR3:AR100,ISNUMBER(SEARCH(Formulier3!B32,AR3:AR100)),"Not Found")} -> Geen Sensor | AT3: Niet mogelijk met huidige selectie | AU3: {=_xlfn._xlws.FILTER(AT3:AT100,ISNUMBER(SEARCH(Formulier3!D32,AT3:AT100)),"Not Found")} -> Niet mogelijk met huidige selectie
A4: Nieuwbouw | B4: Nieuwbouw | C4: Inleg | D4: Inleg | E4: Bandrasterplafond | F4: Bandrasterplafond | G4: Zwart (RAL 9005) | H4: Zwart (RAL 9005) | I4: 2 | J4: 2 | K4: 90+ | L4: 90+ | M4: 3000K | N4: 3000K | O4: TL8-36W | P4: 3350 | Q4: 3350 | R4: 3350 | S4: 3250 | T4: n.a. | U4: 2800 | V4: 2800 | W4: 2800 | X4: TL8-36W | Y4: DALI | Z4: DALI | AA4: Prisma | AB4: 0.676 | AC4: Prisma | AD4: Microprismatisch UGR<19 | AE4: #VALUE! | AF4: 0.95 | AG4: Microprismatisch UGR<19 | AH4: Eurosteker snoer 1m | AI4: #VALUE! | AJ4: Eurosteker snoer 1m | AK4: Eurosteker snoer 1m + kaal | AL4: #VALUE! | AM4: Eurosteker snoer 1m + kaal | AN4: Ja, 1 uur autotest | AO4: Ja, 1 uur autotest | AP4: Nee | AQ4: Nee | AR4: Sensor Daglicht | AS4: Sensor Daglicht
C5: Opbouw | D5: Opbouw | E5: Klimaatplafond | F5: Klimaatplafond | G5: Anders (RAL.…) | H5: Anders (RAL.…) | I5: 3 | J5: 3 | M5: 4000K | N5: 4000K | O5: TL8-58W | P5: 5200 | Q5: 5200 | R5: 5200 | S5: 5000 | T5: n.a. | U5: 4350 | V5: 4600 | W5: 4550 | X5: TL8-58W | Y5: 1-10V | Z5: 1-10V | AA5: Reflector mat | AB5: 0.711 | AC5: Reflector mat | AD5: Reflector Mat UGR<19 | AE5: #VALUE! | AF5: 0.95 | AG5: Reflector Mat UGR<19 | AH5: Eurosteker snoer 2m | AI5: #VALUE! | AJ5: Eurosteker snoer 2m | AK5: Eurosteker snoer 2m + kaal | AL5: #VALUE! | AM5: Eurosteker snoer 2m + kaal | AN5: Ja, 1 uur DALI autotest | AO5: Ja, 1 uur DALI autotest | AR5: Sensor Beweging | AS5: Sensor Beweging
C6: Pendel | D6: Pendel | E6: Baffle Plafond | F6: Baffle Plafond | I6: 4 | J6: 4 | M6: 5000K | N6: 5000K | O6: TL5-14W | P6: 1350 | Q6: 1350 | R6: 1350 | S6: 1250 | T6: n.a. | U6: n.a. | V6: n.a. | W6: n.a. | X6: TL5-14W | Y6: Pushdim-Switchdim | Z6: Pushdim-Switchdim | AA6: Reflector hoogglans | AB6: 0.835 | AC6: Reflector hoogglans | AD6: Reflector Hoogglans UGR<19 | AE6: #VALUE! | AF6: 0.95 | AG6: Reflector Hoogglans UGR<19 | AH6: Eurosteker snoer 3m | AI6: #VALUE! | AJ6: Eurosteker snoer 3m | AK6: Eurosteker snoer 3m + kaal | AL6: #VALUE! | AM6: Eurosteker snoer 3m + kaal | AN6: Ja, 1 uur manuele test | AO6: Ja, 1 uur manuele test
E7: Anders: | F7: Anders: | M7: 6500K | N7: 6500K | O7: TL5-21W | P7: 1900 | Q7: 1900 | R7: 1900 | S7: 1750 | T7: n.a. | U7: n.a. | V7: n.a. | W7: n.a. | X7: TL5-21W | Y7: Aan-Uit+Dipswitch | Z7: Aan-Uit+Dipswitch | AA7: A-symmetrisch | AB7: 0.766 | AC7: A-symmetrisch | AD7: A-symmetrisch | AE7: #VALUE! | AF7: 0.95 | AG7: A-symmetrisch | AH7: RA-steker snoer 1m | AI7: #VALUE! | AJ7: RA-steker snoer 1m | AK7: RA-steker snoer 1m + kaal | AL7: #VALUE! | AM7: RA-steker snoer 1m + kaal | AN7: Ja, 1 uur DALI manuele test | AO7: Ja, 1 uur DALI manuele test
O8: TL5-24W | P8: 1750 | Q8: 1750 | R8: 1750 | S8: 1650 | T8: n.a. | U8: n.a. | V8: 1600 | W8: 1600 | X8: TL5-24W | AD8: Lens Optiek Wit UGR<19 | AE8: #VALUE! | AF8: 0.95 | AG8: Lens Optiek Wit UGR<19 | AH8: RA-steker snoer 2m | AI8: #VALUE! | AJ8: RA-steker snoer 2m | AK8: RA-steker snoer 2m + kaal | AL8: #VALUE! | AM8: RA-steker snoer 2m + kaal | AN8: Ja, 3 uur autotest | AO8: Ja, 3 uur autotest
O9: TL5-28W | P9: 2600 | Q9: 2600 | R9: 2600 | S9: 2400 | T9: n.a. | U9: n.a. | V9: n.a. | W9: n.a. | X9: TL5-28W | AD9: Lens Optiek Zwart UGR<19 | AE9: #VALUE! | AF9: 0.9 | AG9: Lens Optiek Zwart UGR<19 | AH9: RA-steker snoer 3m | AI9: #VALUE! | AJ9: RA-steker snoer 3m | AK9: RA-steker snoer 3m + kaal | AL9: #VALUE! | AM9: RA-steker snoer 3m + kaal | AN9: Ja, 3 uur DALI autotest | AO9: Ja, 3 uur DALI autotest
O10: TL5-35W | P10: 3300 | Q10: 3300 | R10: 3300 | S10: 3100 | T10: n.a. | U10: n.a. | V10: n.a. | W10: n.a. | X10: TL5-35W | AH10: GST18-3 male chassis | AI10: #VALUE! | AJ10: GST18-3 male chassis | AK10: GST18-5 male chassis | AL10: #VALUE! | AM10: GST18-5 male chassis | AN10: Ja, 3 uur manuele test | AO10: Ja, 3 uur manuele test
O11: TL5-39W | P11: 3100 | Q11: 3100 | R11: 3100 | S11: 2900 | T11: n.a. | U11: n.a. | V11: n.a. | W11: n.a. | X11: TL5-39W | AH11: GST18-3 male chassis + splitter | AI11: #VALUE! | AJ11: GST18-3 male chassis + splitter | AK11: GST18-5 male chassis + splitter | AL11: #VALUE! | AM11: GST18-5 male chassis + splitter | AN11: Ja, 3 uur DALI manuele test | AO11: Ja, 3 uur DALI manuele test
O12: TL5-49W | P12: 4300 | Q12: 4300 | R12: 4300 | S12: 4100 | T12: n.a. | U12: n.a. | V12: 4200 | W12: 4200 | X12: TL5-49W | AH12: GST18-3 male + female chassis | AI12: #VALUE! | AJ12: GST18-3 male + female chassis | AK12: GST18-5 male + female chassis | AL12: #VALUE! | AM12: GST18-5 male + female chassis
O13: TL5-54W | P13: 4450 | Q13: 4450 | R13: 4450 | S13: 4150 | T13: n.a. | U13: n.a. | V13: 4300 | W13: 4300 | X13: TL5-54W | AH13: GST18-3 male snoer 1m | AI13: #VALUE! | AJ13: GST18-3 male snoer 1m | AK13: GST18-5 male snoer 1m | AL13: #VALUE! | AM13: GST18-5 male snoer 1m
O14: TL5-80W | P14: 6150 | Q14: 6150 | R14: 6150 | S14: 5850 | T14: n.a. | U14: n.a. | V14: n.a. | W14: n.a. | X14: TL5-80W | AH14: GST18-3 male snoer 2m | AI14: #VALUE! | AJ14: GST18-3 male snoer 2m | AK14: GST18-5 male snoer 2m | AL14: #VALUE! | AM14: GST18-5 male snoer 2m
AH15: GST18-3 male snoer 3m | AI15: #VALUE! | AJ15: GST18-3 male snoer 3m | AK15: GST18-5 male snoer 3m | AL15: #VALUE! | AM15: GST18-5 male snoer 3m
AK16: GST18-3 male chassis + kaal | AL16: #VALUE! | AM16: GST18-3 male chassis + kaal
AK17: GST18-3 male chassis + splitter + kaal | AL17: #VALUE! | AM17: GST18-3 male chassis + splitter + kaal
AK18: GST18-3 male + female chassis + kaal | AL18: #VALUE! | AM18: GST18-3 male + female chassis + kaal
AK19: GST18-3 male snoer 1m + kaal | AL19: #VALUE! | AM19: GST18-3 male snoer 1m + kaal
AK20: GST18-3 male snoer 2m + kaal | AL20: #VALUE! | AM20: GST18-3 male snoer 2m + kaal
AK21: GST18-3 male snoer 3m + kaal | AL21: #VALUE! | AM21: GST18-3 male snoer 3m + kaal
AK22: GST18-3 male + BST14 chassis | AL22: #VALUE! | AM22: GST18-3 male + BST14 chassis
